		cd8-positive alpha-beta t cell	cd4-positive alpha-beta t cell	adventitial cell	alveolar fibroblast	b cell	basal cell	basophil	bronchial smooth muscle cell	bronchial vessel endothelial cell	capillary aerocyte	capillary endothelial cell	classical monocyte	club cell	dendritic cell	endothelial cell of artery	endothelial cell of lymphatic vessel	fibroblast	intermediate monocyte	lung ciliated cell	lung microvascular endothelial cell	macrophage	mesothelial cell	myofibroblast cell	neutrophil	nk cell	non-classical monocyte	pericyte cell	plasma cell	plasmacytoid dendritic cell	pulmonary ionocyte	respiratory goblet cell	respiratory mucous cell	serous cell of epithelium of bronchus	smooth muscle cell	type i pneumocyte	type ii pneumocyte	vascular associated smooth muscle cell	vein endothelial cell
102700	Severe Combined Immunodeficiency, Autosomal Recessive, T Cell-negative,b Cell-negative, Nk Cell-negative, Due To Adenosine Deaminase Deficiency	0	0	0	0	0	0	0	0	0	0	0	0	0	0	0	0	0	0	0	0	0	0	0	0	0	0	0	0	0	0	0	0	0	0	0	0	0	0
PS235510	Hennekam lymphangiectasia-lymphedema syndrome	0	0	0	0	0	0	0	0	0	0	0	0	0	0	0	2	0	0	0	0	0	0	0	0	0	0	0	0	0	0	0	0	0	0	0	0	0	0
PS607426	Coenzyme Q10 deficiency, primary	0	0	0	0	0	0	0	0	0	0	0	0	0	0	0	0	0	0	0	0	0	0	0	0	0	0	0	0	0	0	0	0	0	0	0	0	0	0
137940	Hypotrichosis-lymphedema-telangiectasia-renal Defect Syndrome	0	0	0	0	0	0	0	0	0	0	0	0	0	0	0	0	0	0	0	0	0	0	0	0	0	0	0	0	0	0	0	0	0	0	0	0	0	0
PS122470	Cornelia de Lange syndrome	0	0	0	0	0	0	0	0	0	0	0	2	0	0	0	0	0	1	0	0	0	0	0	0	0	0	0	0	0	0	0	0	0	0	1	1	0	0
154700	Marfan Syndrome	0	0	9	0	0	0	0	1	0	0	0	0	1	0	5	0	2	0	0	0	2	0	2	0	0	0	0	0	0	0	0	0	0	24	1	1	43	0
615139	Facial Dysmorphism, Immunodeficiency, Livedo, And Short Stature	0	0	0	0	0	0	0	0	0	0	0	0	0	0	0	0	0	0	0	0	0	0	0	0	0	0	0	0	0	0	0	0	0	0	0	0	0	0
251230	Microcephaly-micromelia Syndrome	0	0	0	0	0	0	0	0	0	0	0	0	0	0	0	0	0	0	0	0	0	0	0	0	0	0	0	0	0	0	0	0	0	0	0	0	0	0
616651	Roifman Syndrome	0	0	0	0	0	0	0	0	0	0	0	0	0	0	0	0	0	0	0	0	0	0	0	0	0	0	0	0	0	0	0	0	0	0	0	0	0	0
PS211530	Brown-Vialetto-Van Laere syndrome	0	0	0	0	0	0	0	0	0	0	0	0	0	0	0	0	0	0	0	0	0	0	0	0	0	0	0	0	0	0	0	0	0	0	0	0	0	0
615934	Sting-associated Vasculopathy, Infantile-onset	0	0	0	0	0	0	0	0	0	0	0	0	0	0	0	0	0	0	0	0	0	0	0	0	0	0	0	0	0	0	0	0	0	0	0	0	0	0
PS173900	Polycystic kidney disease	0	0	1	0	0	7	1	1	0	0	2	0	1	0	4	7	0	0	0	0	0	3	8	0	0	0	4	0	0	0	0	0	0	1	1	2	2	1
PS135900	Coffin-Siris syndrome	0	0	0	0	0	0	0	0	0	0	0	0	0	0	0	0	0	0	0	0	0	0	0	0	0	0	0	0	0	0	0	0	0	0	0	0	0	0
PS231050	Geleophysic dysplasia	0	0	0	0	0	0	0	1	0	0	0	0	0	0	0	0	0	0	0	0	0	0	0	0	0	0	0	0	0	0	0	0	0	0	0	0	0	0
PS210900	Microcephaly, growth restriction and increased sister chromatid exchange	0	0	0	0	0	0	0	0	0	0	0	0	0	0	0	0	0	0	0	0	0	0	0	0	0	0	0	0	0	0	0	0	0	0	0	0	0	0
PS211400	Bronchiectasis	0	0	0	1	2	1	0	4	2	0	0	0	2	0	0	0	0	0	23	0	0	0	0	19	1	0	0	0	0	0	4	6	0	0	1	2	0	0
618213	Inflammatory Bowel Disease, Immunodeficiency, And Encephalopathy	0	0	0	0	0	0	0	0	0	0	0	0	0	0	0	0	0	0	0	0	0	0	0	0	1	0	0	0	0	0	0	0	0	0	0	0	0	0
PS614080	Multiple congenital anomalies-hypotonia-seizures syndrome	0	0	0	0	0	0	0	0	0	0	0	0	0	0	0	0	0	0	0	0	0	0	0	0	0	0	0	0	0	0	0	0	0	0	0	0	0	0
PS108800	Atrial septal defect	0	0	0	0	0	0	0	0	0	0	0	0	1	0	1	0	0	0	0	0	0	0	0	0	0	0	0	0	0	0	0	0	0	0	0	0	0	1
PS614372	Lectin complement activation pathway defects	0	0	0	0	1	0	0	0	0	0	0	0	0	0	0	0	0	0	0	0	0	0	0	0	0	0	0	0	0	0	0	0	0	0	0	0	0	1
601005	Timothy Syndrome	0	0	0	0	0	0	0	0	0	0	0	0	0	0	0	0	0	0	0	0	0	0	0	0	0	0	0	0	0	0	0	0	0	0	0	0	0	0
253550	Spinal Muscular Atrophy, Type Ii	0	0	0	0	0	0	0	0	0	0	0	0	3	0	0	0	0	0	0	0	0	0	0	0	0	0	0	0	0	0	0	0	0	0	0	0	0	0
601200	Pleuropulmonary Blastoma	0	0	0	2	0	0	0	0	0	0	0	0	0	0	0	0	0	0	0	0	0	1	1	0	0	0	0	0	0	0	0	0	0	0	1	0	0	0
612387	Sarcoidosis, Susceptibility To, 2	0	0	1	0	0	0	1	0	0	0	0	0	0	0	0	0	0	0	0	0	0	0	0	0	0	0	0	0	0	0	0	0	0	0	0	0	0	0
618278	Fibrosis, Neurodegeneration, And Cerebral Angiomatosis	0	0	0	0	0	0	0	0	0	0	0	0	0	0	0	0	0	0	0	0	0	0	1	0	0	0	0	0	0	0	0	0	0	0	0	0	0	0
193670	Whim Syndrome	0	0	0	0	0	0	0	0	0	0	0	0	0	0	0	0	0	0	0	0	0	0	0	0	2	0	0	2	2	0	0	0	0	0	0	0	0	0
PS609060	Combined oxidative phosphorylation deficiency	1	1	2	2	1	0	0	0	0	0	2	0	0	0	3	0	0	0	0	2	0	0	1	0	3	0	2	2	1	0	1	1	0	2	3	3	2	6
618021	Tetraamelia Syndrome 2	0	0	0	0	0	0	0	0	0	0	0	0	0	0	0	0	0	0	0	0	0	0	0	0	0	0	0	0	0	0	0	0	0	0	0	0	0	0
PS309800	Microphthalmia, syndromic	0	0	0	0	0	0	0	0	0	0	0	0	1	0	0	0	0	0	0	0	0	0	0	0	0	0	0	0	0	0	0	0	0	0	0	0	0	1
263210	Gillessen-kaesbach-nishimura Syndrome	0	0	0	0	0	0	0	0	0	0	0	0	0	0	0	0	0	0	0	0	0	0	0	0	0	0	0	0	0	0	0	0	0	0	0	0	0	0
PS191100	Tuberous sclerosis	0	0	5	2	1	2	0	1	0	0	0	0	2	1	1	2	3	0	0	0	1	1	6	0	0	0	5	2	1	0	0	0	0	16	27	42	9	0
617478	Structural Heart Defects And Renal Anomalies Syndrome	0	0	0	0	0	0	0	0	0	0	0	0	0	0	0	0	0	0	0	0	0	0	0	0	0	0	0	0	0	0	0	0	0	0	0	0	1	0
PS308230	Immunodeficiency with hyper-IgM	0	0	0	0	6	0	0	0	0	0	0	1	0	0	0	0	0	0	1	0	0	0	0	0	0	0	0	3	0	0	0	1	0	0	0	0	0	0
PS268310	Robinow syndrome	0	0	0	0	0	0	0	0	0	0	0	0	0	0	0	1	0	0	0	0	0	0	0	0	0	0	0	0	0	0	0	0	0	0	0	0	0	0
208530	Asplenia With Cardiovascular Anomalies	0	0	0	0	1	0	0	0	0	0	0	0	0	0	0	0	0	0	0	0	0	0	0	1	0	0	0	0	0	0	0	0	0	0	0	0	0	0
PS300345	Microphthalmia, isolated, with coloboma	0	0	0	0	0	0	0	0	0	0	0	0	1	0	0	0	0	0	0	0	0	0	0	0	0	0	0	0	0	0	0	0	0	0	0	0	0	0
614748	Interstitial Lung Disease, Nephrotic Syndrome, And Epidermolysis Bullosa, Congenital	0	0	0	0	0	0	0	0	0	0	0	0	0	0	0	0	0	0	0	0	0	0	0	0	0	0	0	0	0	0	0	0	0	0	0	0	0	0
PS265450	Pulmonary venoocclusive disease	0	0	1	0	0	0	0	0	1	0	2	0	0	0	1	0	0	0	0	3	0	0	4	0	0	0	1	0	0	0	0	0	0	1	1	2	4	3
617175	Retinal Dystrophy With Or Without Extraocular Anomalies	0	0	0	0	0	0	0	0	0	0	0	0	0	0	0	0	0	0	0	0	0	0	0	0	0	0	0	0	0	0	0	0	0	0	0	0	0	0
PS607596	Pontocerebellar hypoplasia	0	0	0	0	0	0	0	0	0	0	0	0	0	0	0	0	0	0	0	0	0	0	0	0	0	0	0	0	0	0	0	0	0	0	0	0	0	0
616050	Autoinflammation With Infantile Enterocolitis	0	0	0	0	0	0	0	0	0	0	0	0	0	0	0	0	0	0	0	0	0	0	0	0	0	0	0	0	0	0	0	0	0	0	0	0	0	0
PS604273	Mitochondrial complex V (ATP synthase) deficiency, nuclear type	0	0	0	0	0	0	0	0	0	0	0	0	0	0	0	0	0	0	0	0	0	0	0	0	0	0	0	0	0	0	0	0	0	0	0	0	0	0
618950	Suleiman-el-hattab Syndrome	0	0	0	0	0	0	0	0	0	0	0	0	0	0	0	0	0	0	0	0	0	0	0	0	0	0	0	0	0	0	0	0	0	0	0	0	0	0
226300	Complement Hyperactivation, Angiopathic Thrombosis, And Protein-losing Enteropathy	0	0	0	0	0	0	0	0	0	0	0	0	0	0	0	0	0	0	0	0	0	0	0	0	0	0	0	0	0	0	0	0	0	0	0	0	0	0
271665	Spondylometaepiphyseal Dysplasia, Short Limb-hand Type	0	0	0	0	0	0	0	0	0	0	0	0	0	0	0	0	0	0	0	0	0	0	0	0	0	0	0	0	0	0	0	0	0	0	0	0	0	0
615704	Poikiloderma, Hereditary Fibrosing, With Tendon Contractures, Myopathy,and Pulmonary Fibrosis	0	0	0	0	0	0	0	0	0	0	0	0	0	0	0	0	0	0	0	0	0	0	0	0	0	0	0	0	0	0	0	0	0	0	0	0	0	0
253300	Spinal Muscular Atrophy, Type I	0	0	1	0	0	0	0	0	0	0	0	0	3	0	0	0	0	0	0	0	0	0	0	0	0	0	1	0	0	0	0	0	0	0	0	0	0	0
615688	Vasculitis, Autoinflammation, Immunodeficiency, And Hematologic Defects Syndrome	0	0	0	0	0	0	0	0	0	0	0	1	0	0	0	0	0	1	0	0	0	0	0	0	0	0	0	0	0	0	0	0	0	0	0	0	0	0
192430	Velocardiofacial Syndrome	3	4	0	0	1	0	0	0	0	0	0	1	2	0	0	3	1	0	0	0	0	0	0	0	2	0	0	1	1	0	0	0	0	1	0	0	1	0
PS300291	Ectodermal dysplasia and immune deficiency	0	0	0	0	0	0	0	0	0	0	0	0	0	0	0	0	0	0	0	0	0	0	0	1	0	0	0	1	0	0	0	0	0	0	0	0	0	0
PS147920	Kabuki syndrome	0	0	0	0	0	0	0	0	0	0	0	0	0	0	0	0	0	0	0	0	0	0	0	0	0	0	0	0	0	0	0	0	0	0	0	0	0	0
PS214100	Peroxisome biogenesis disorder	0	0	0	0	0	0	0	1	0	0	0	0	0	0	2	0	0	0	0	0	0	0	0	0	0	0	0	0	0	0	0	0	0	3	1	1	1	1
PS180849	Rubinstein-Taybi syndrome	0	0	0	0	0	0	0	0	0	0	0	0	0	0	0	0	1	0	0	0	0	0	0	0	0	0	0	0	0	0	0	0	0	0	0	0	0	0
PS162400	Hereditary sensory and autonomic neuropathy	0	0	0	0	0	0	1	0	0	0	0	1	1	0	0	0	2	0	0	0	0	0	0	0	0	0	0	0	0	0	0	0	0	0	0	0	1	0
PS257300	Mosaic variegated aneuploidy syndrome	0	0	0	0	0	0	0	0	0	0	0	0	0	0	0	0	0	0	0	0	0	0	0	0	0	0	0	0	0	0	0	0	0	0	0	0	0	0
PS156200	Mental retardation, autosomal dominant	0	0	0	0	0	0	0	0	0	0	0	0	1	0	0	0	0	1	0	0	0	0	1	0	0	0	0	0	0	0	0	0	0	0	0	1	1	0
251260	Nijmegen Breakage Syndrome	1	1	0	0	3	1	0	0	0	0	0	0	1	0	0	0	2	0	0	0	0	0	0	0	0	0	0	0	0	0	0	0	0	1	0	0	0	0
610984	Complement Factor I Deficiency	0	0	0	0	0	0	0	0	0	0	0	0	0	0	0	0	0	0	0	0	0	0	0	0	0	0	0	0	0	0	0	0	0	0	0	0	0	0
PS147060	Hyper-IgE recurrent infection syndrome	0	0	0	1	1	0	1	0	0	0	0	1	0	0	0	0	0	0	0	0	0	0	0	3	1	0	0	2	0	0	0	1	0	0	0	0	0	0
PS277300	Spondylocostal dysostosis	0	0	0	0	0	0	0	0	0	0	0	0	0	0	0	0	0	0	0	0	0	0	0	0	0	0	0	0	0	0	0	0	0	0	0	0	0	0
617180	Chitayat Syndrome	0	0	1	1	0	0	0	0	0	0	0	0	1	0	0	0	0	0	0	0	0	0	1	0	0	0	1	0	0	0	0	0	0	1	0	0	2	0
613854	Congenital Heart Defects, Multiple Types, 6	0	0	0	0	0	0	0	0	0	0	0	0	0	0	0	0	0	0	0	0	0	0	0	0	0	0	0	0	0	0	0	0	0	0	0	0	0	0
PS218330	Cranioectodermal dysplasia	0	0	0	0	0	0	0	0	0	0	0	0	0	0	0	0	0	0	0	0	0	0	0	0	0	0	0	0	0	0	0	0	0	0	0	0	0	0
275210	Tight Skin Contracture Syndrome, Lethal	0	0	0	0	0	0	0	0	0	0	0	0	0	0	0	0	0	0	0	0	0	0	0	0	0	0	0	0	0	0	0	0	0	0	0	0	0	0
PS607014	Mucopolysaccharidoses	0	0	10	1	0	2	3	0	0	0	0	0	0	0	1	0	11	1	0	0	1	1	3	0	0	0	9	4	0	0	0	0	0	1	0	0	2	0
PS227650	Fanconi anemia	0	1	0	0	2	2	0	0	0	0	0	2	2	0	1	1	10	1	0	0	0	0	0	1	2	0	0	1	0	0	0	0	0	0	0	0	0	1
PS607095	Anauxetic dysplasia	0	0	0	0	0	0	0	0	0	0	0	0	0	0	0	0	0	0	0	0	0	0	0	0	0	0	0	0	0	0	0	0	0	0	0	0	0	0
606170	Genitopatellar Syndrome	0	0	0	0	0	0	0	0	0	0	0	0	0	0	0	0	0	0	0	0	0	0	0	0	0	0	0	0	0	0	0	0	0	0	0	0	0	0
611943	Riddle Syndrome	0	0	0	0	0	0	0	0	0	0	0	0	0	0	0	0	0	0	0	0	0	0	0	0	0	0	0	0	0	0	0	0	0	0	0	0	0	0
PS242860	Immunodeficiency-centromeric instability-facial anomalies	0	0	0	0	0	0	0	0	0	0	0	0	0	0	0	0	0	0	0	0	0	0	0	0	0	0	0	0	0	0	0	0	0	0	0	0	0	0
PS614742	Pulmonary fibrosis and/or bone marrow failure, telomere-related	0	1	4	382	0	2	1	11	3	0	6	2	8	1	2	3	68	1	4	19	10	7	200	5	0	0	3	1	1	0	3	3	0	3	326	326	6	4
PS192600	Cardiomyopathy, familial hypertrophic	0	0	0	0	0	0	0	0	0	0	0	0	0	0	0	0	0	0	0	0	0	0	1	0	0	0	0	0	0	0	0	0	0	0	0	0	0	0
150550	Periodic Fever, Immunodeficiency, And Thrombocytopenia Syndrome	0	0	0	0	0	0	0	0	0	0	0	0	0	0	0	0	0	0	0	0	0	0	0	0	0	0	0	0	0	0	0	0	0	0	0	0	0	0
259775	Raine Syndrome	0	0	0	0	0	0	0	0	0	0	0	0	0	0	0	0	0	0	0	0	0	0	0	0	0	0	0	0	0	0	0	0	0	0	0	0	0	0
PS616866	Spinal muscular atrophy with congenital bone fractures	0	0	0	0	0	0	0	0	0	0	0	0	0	0	0	0	0	0	0	0	0	0	0	0	0	0	0	0	0	0	0	0	0	0	0	0	0	0
PS166200	Osteogenesis imperfecta	0	0	0	2	0	1	0	0	0	0	0	0	0	1	0	0	2	0	0	0	0	0	0	0	0	0	1	2	0	0	0	0	0	0	0	0	1	0
PS213300	Joubert syndrome	0	0	0	0	0	4	0	0	0	0	0	0	0	0	0	0	0	0	0	0	0	0	0	0	0	0	0	0	0	0	0	0	0	0	0	0	0	0
300853	Immunodeficiency, X-linked, With Magnesium Defect, Epstein-barr Virus Infection And Neoplasia	0	0	0	0	0	0	0	0	0	0	0	0	0	0	0	0	0	0	0	0	0	0	0	0	0	0	0	0	0	0	0	0	0	0	0	0	0	0
616100	Autoimmune Lymphoproliferative Syndrome, Type V	0	0	0	0	0	0	0	0	0	0	0	0	0	0	0	0	0	0	0	0	0	0	0	0	0	0	0	0	0	0	0	0	0	0	0	0	0	0
614327	Tumor Predisposition Syndrome	0	0	0	0	3	5	0	0	0	0	0	1	2	2	1	1	0	0	0	1	0	2	1	2	2	0	0	2	5	0	1	1	0	1	0	0	2	1
208900	Ataxia-telangiectasia	4	4	1	0	3	5	0	0	0	0	2	1	2	2	4	0	15	1	0	0	0	1	4	1	2	0	1	0	1	0	0	0	0	4	3	3	8	2
262850	Plasmin Inhibitor Deficiency	0	0	0	0	0	0	0	0	0	0	0	0	0	0	0	0	0	0	0	0	0	0	0	0	0	0	0	0	0	0	0	0	0	0	0	0	0	0
PS607594	Immunodeficiency, common variable	4	3	0	0	72	0	0	0	0	0	1	2	1	4	0	0	0	1	0	0	0	0	0	0	4	1	0	29	10	0	0	1	0	0	0	0	2	0
PS615952	Autoimmune disease, multisystem, infantile-onset	0	0	0	0	0	0	0	0	0	0	0	0	0	0	0	0	0	0	0	0	0	0	0	0	0	0	0	0	0	0	0	0	0	0	0	0	0	0
265100	Pulmonary Alveolar Microlithiasis	0	0	0	3	0	0	0	0	0	0	0	0	0	0	0	0	0	0	0	0	0	0	0	0	0	0	0	0	0	0	0	0	0	0	7	7	0	0
602079	Trimethylaminuria	0	0	0	0	0	0	0	0	0	0	0	0	0	0	0	0	0	0	0	0	0	0	0	0	0	0	0	0	0	0	0	0	0	0	0	0	0	0
233650	Combined Cellular And Humoral Immune Defects With Granulomas	0	0	0	0	1	0	0	0	0	0	0	0	0	0	0	0	0	0	0	0	0	0	0	0	0	0	0	0	0	0	0	0	0	0	0	0	0	0
PS236680	Hydrolethalus syndrome	0	0	0	0	0	1	0	0	0	0	0	0	0	0	0	0	0	0	0	0	0	0	0	0	0	0	0	0	0	0	0	0	0	0	0	0	0	0
135150	Birt-hogg-dube Syndrome	0	0	0	0	2	0	0	0	0	0	0	0	0	0	0	0	0	0	0	0	0	2	0	0	0	0	0	0	0	0	0	0	0	0	3	2	0	0
616414	Autoimmune Interstitial Lung, Joint, And Kidney Disease	0	0	0	0	0	0	0	0	0	0	0	0	0	0	0	0	0	0	0	0	0	0	0	0	0	0	0	0	0	0	0	0	0	0	0	0	0	0
PS123700	Cutis laxa	0	0	0	2	0	0	0	0	0	0	0	0	0	0	0	0	2	0	0	0	0	0	1	1	0	0	0	0	0	0	0	0	0	0	0	0	0	0
252500	Mucolipidosis Ii Alpha/beta	0	0	2	1	0	0	0	0	0	0	0	0	0	0	0	0	5	0	0	0	0	1	1	0	1	0	2	1	0	0	0	0	0	1	0	0	1	0
PS244400	Primary ciliary dyskinesia	0	0	0	0	0	9	0	0	0	0	0	1	3	0	0	0	1	0	52	0	0	0	0	5	0	0	0	0	0	1	7	9	0	1	1	1	0	0
604571	Bare Lymphocyte Syndrome, Type I	0	0	0	0	0	0	0	0	0	0	0	0	0	0	0	0	0	0	0	0	0	0	0	0	0	0	0	0	0	0	0	0	0	0	0	0	0	0
610798	Immunodeficiency Due To Defect In Mapbp-interacting Protein	0	0	0	0	0	0	0	0	0	0	0	0	0	0	0	0	0	0	0	0	0	0	0	0	0	0	0	0	0	0	0	0	0	0	0	0	0	0
618618	Spondyloepiphyseal Dysplasia, Nishimura Type	0	0	0	0	0	0	0	0	0	0	0	0	0	0	0	0	0	0	0	0	0	0	0	0	0	0	0	0	0	0	0	0	0	0	0	0	0	0
PS309510	Mental retardation, X-linked syndromic	0	0	3	0	0	0	0	0	0	0	0	0	1	0	0	0	1	0	0	0	0	0	0	0	0	0	3	0	0	0	0	0	0	0	0	0	0	0
613179	Immunodeficiency Due To Purine Nucleoside Phosphorylase Deficiency	0	0	0	0	1	0	0	0	0	0	0	0	0	0	0	0	0	0	0	0	0	0	0	0	0	0	0	0	0	0	0	0	0	0	0	0	0	0
614962	Leptin Deficiency Or Dysfunction	0	0	0	0	0	0	0	0	0	0	0	0	0	0	0	1	0	0	0	0	0	0	0	0	1	0	0	0	0	0	0	0	0	1	0	0	1	0
231680	Multiple Acyl-coa Dehydrogenase Deficiency	0	0	0	0	0	0	0	0	0	0	0	0	0	0	0	0	0	0	0	0	0	0	0	0	0	0	0	0	0	0	0	0	0	0	0	0	0	0
PS203300	Hermansky-Pudlak syndrome	0	0	0	5	0	1	1	1	0	0	1	1	0	0	0	0	0	0	0	0	0	0	0	0	1	0	0	0	1	0	0	0	0	0	15	16	0	0
607616	Niemann-pick Disease, Type B	0	0	0	0	0	0	0	0	0	0	0	1	0	0	0	0	0	0	0	0	0	0	0	0	0	0	0	0	0	0	0	0	0	0	0	0	0	0
608971	Severe Combined Immunodeficiency, Autosomal Recessive, T Cell-negative,b Cell-positive, Nk Cell-positive	0	0	0	0	0	0	0	0	0	0	0	0	0	0	0	0	0	0	0	0	0	0	0	0	0	0	0	0	0	0	0	0	0	0	0	0	0	0
618975	Myopathy, Congenital, With Diaphragmatic Defects, Respiratory Insufficiency, And Dysmorphic Facies	0	0	0	0	0	0	0	0	0	0	0	0	0	0	0	0	0	0	0	0	0	0	0	0	0	0	0	0	0	0	0	0	0	0	0	0	0	0
300707	Toe Syndactyly, Telecanthus, And Anogenital And Renal Malformations	0	0	0	0	0	0	0	0	0	0	0	0	0	0	0	0	0	0	0	0	0	0	0	0	0	0	0	0	0	0	0	0	0	0	0	0	0	0
PS202700	Neutropenia, severe congenital	0	0	0	0	1	0	0	0	0	0	0	2	0	0	0	0	0	1	0	0	0	0	0	15	1	0	0	0	0	0	0	0	0	0	1	1	0	0
232300	Glycogen Storage Disease Ii	0	0	0	0	0	0	0	1	0	0	0	0	0	0	0	0	1	0	0	0	0	0	0	0	0	0	0	4	0	0	0	0	0	0	0	0	0	0
PS184840	Otospondylomegaepiphyseal dysplasia	0	0	0	0	0	0	0	0	0	0	0	0	0	0	0	0	0	0	0	0	0	0	0	0	0	0	0	0	0	0	0	0	0	0	0	0	0	0
618175	Warburg-cinotti Syndrome	0	0	0	0	0	0	0	0	0	0	0	0	0	0	0	0	0	0	0	0	0	0	0	0	0	0	0	0	0	0	0	0	0	0	0	0	0	0
602535	Marshall-smith Syndrome	0	0	0	0	0	0	0	0	0	0	0	0	0	0	0	0	0	0	0	0	0	0	0	0	0	0	0	0	0	0	0	0	0	0	0	0	0	0
264350	Pseudohypoaldosteronism, Type I, Autosomal Recessive	0	0	0	0	0	0	0	0	0	0	0	1	0	0	0	0	0	0	2	0	0	0	0	0	0	0	0	0	0	0	0	0	0	0	0	0	2	0
612852	Interleukin 1 Receptor Antagonist Deficiency	0	0	0	0	0	0	0	0	0	0	0	0	0	0	0	0	0	0	0	0	0	0	0	0	0	0	0	0	0	0	0	0	0	0	0	0	0	0
PS108120	Arthrogryposis, distal	0	0	0	0	0	0	0	0	0	0	0	0	3	0	0	0	0	0	0	0	0	0	0	0	0	0	0	0	0	0	0	0	0	0	0	0	0	0
181000	Sarcoidosis, Susceptibility To, 1	0	1	0	1	0	0	1	0	0	0	0	0	0	1	0	0	0	0	0	0	0	0	0	0	0	0	0	0	1	0	0	0	0	0	0	0	0	0
PS153100	Lymphatic malformation	3	5	7	2	1	1	1	0	0	0	12	0	2	0	4	176	0	0	0	0	1	6	3	0	1	0	10	7	1	0	0	0	0	2	2	2	7	5
184260	Osteochondrodysplasia	1	0	1	0	0	1	0	0	0	0	1	0	2	0	0	0	0	2	0	0	0	0	1	0	0	0	1	1	0	0	0	0	0	0	0	0	2	0
300209	Simpson-golabi-behmel Syndrome, Type 2	0	0	0	0	0	0	0	0	0	0	0	0	0	0	0	0	0	0	0	0	0	0	0	0	0	0	0	0	0	0	0	0	0	0	0	0	0	0
616368	Chops Syndrome	0	0	0	0	0	0	0	0	0	0	0	0	0	0	0	0	0	0	0	0	0	0	0	0	0	0	0	0	0	0	0	0	0	0	0	0	0	0
159950	Spinal Muscular Atrophy With Progressive Myoclonic Epilepsy	0	0	0	0	0	0	0	0	0	0	0	0	0	0	0	0	0	0	0	0	0	0	0	0	0	0	0	0	0	0	0	0	0	0	0	0	0	0
618493	Hypotonia, Hyperventilation, Impaired Intellectual Development, Dysautonomia, Epilepsy, And Eye Abnormalities	0	0	0	0	0	0	0	0	0	0	0	0	0	0	0	0	0	0	0	0	0	0	0	0	0	0	0	0	0	0	0	0	0	0	0	0	0	0
175050	Juvenile Polyposis/hereditary Hemorrhagic Telangiectasia Syndrome	0	0	0	0	0	0	0	0	0	0	0	0	0	0	0	0	0	0	0	0	0	0	0	0	0	0	0	0	0	0	0	0	0	0	0	0	0	0
616260	Tenorio Syndrome	0	0	0	0	0	0	0	0	0	0	0	0	0	0	0	0	0	0	0	0	0	0	0	0	0	0	0	0	0	0	0	0	0	0	0	0	0	0
176270	Prader-willi Syndrome	0	0	0	0	0	0	0	0	0	0	0	0	1	0	0	0	0	0	0	0	0	0	0	0	0	0	0	0	0	0	0	0	0	0	0	0	0	1
PS306955	Heterotaxy, visceral	0	0	0	0	1	0	0	0	0	0	0	0	0	0	0	0	0	0	0	0	0	0	0	1	0	0	0	0	0	0	0	0	0	0	0	0	0	0
PS253600	Muscular dystrophy, limb-girdle, autosomal recessive	0	0	0	0	0	0	0	0	0	0	0	0	0	0	0	0	0	0	0	0	0	0	0	0	0	0	0	0	0	0	0	0	0	0	0	0	0	0
614878	Autoinflammation, Antibody Deficiency, And Immune Dysregulation, Plcg2-associated	0	0	0	0	0	0	0	0	0	0	0	0	0	0	0	0	0	0	0	0	0	0	0	0	0	0	0	0	0	0	0	0	0	0	0	0	0	0
PS253310	Lethal congenital contracture syndrome	0	0	0	0	0	0	0	1	0	0	0	0	0	0	0	0	0	0	0	0	0	0	0	0	0	0	0	0	0	0	0	0	0	0	0	0	0	0
273395	Tetra-amelia, Autosomal Recessive	0	0	0	0	0	0	0	0	0	0	0	0	0	0	0	0	0	0	0	0	0	0	0	0	0	0	0	0	0	0	0	0	0	0	0	0	0	0
617780	Combined Immunodeficiency And Megaloblastic Anemia With Or Without Hyperhomocysteinemia	0	0	0	0	0	0	0	0	0	0	0	0	0	0	0	0	0	0	0	0	0	0	0	0	0	0	0	0	0	0	0	0	0	0	0	0	0	0
267430	Renal Tubular Dysgenesis	0	0	0	0	0	0	0	0	0	0	0	0	0	0	0	0	0	0	0	0	0	0	0	0	0	0	0	0	0	0	0	0	0	0	0	0	0	0
219700	Cystic Fibrosis	0	0	0	1	0	5	1	2	0	0	1	0	1	0	0	0	1	0	5	0	1	1	0	4	0	0	0	0	0	2	1	8	0	0	5	4	0	0
PS208150	Fetal akinesia deformation sequence	0	0	0	0	0	0	0	0	0	0	0	0	0	0	0	0	0	0	0	0	0	0	0	0	0	0	0	0	0	0	0	0	0	0	0	0	0	0
606690	Lymphangioleiomyomatosis	0	0	1	5	0	0	0	6	1	0	0	0	0	0	1	15	1	0	1	1	0	1	3	0	0	0	1	0	0	0	1	1	0	14	20	28	5	1
PS114580	Familial candidiasis	0	0	0	0	0	0	0	0	0	0	0	1	0	0	0	0	0	0	0	0	0	0	0	1	1	0	0	0	0	0	0	0	0	0	0	0	0	0
224410	Dyssegmental Dysplasia, Silverman-handmaker Type	0	0	0	0	0	0	0	0	0	0	0	0	0	0	0	0	0	0	0	0	0	0	0	0	0	0	0	0	0	0	0	0	0	0	0	0	0	0
158310	Mucoepithelial Dysplasia, Hereditary	0	0	0	0	0	0	0	0	0	0	0	0	0	0	0	0	0	0	0	0	0	0	0	0	0	0	0	0	0	0	0	0	0	0	0	0	0	0
PS235200	Hemochromatosis	1	1	0	0	0	0	1	0	0	0	0	2	0	0	0	0	0	0	0	0	0	2	4	0	0	0	0	2	0	0	0	0	0	1	1	1	1	1
308050	Congenital Hemidysplasia With Ichthyosiform Erythroderma And Limb Defects	0	0	0	0	0	0	0	0	0	0	0	0	0	0	0	0	0	0	0	0	0	0	0	0	0	0	0	0	0	0	0	0	0	0	0	0	0	0
PS617468	Arthrogryposis multiplex congenita	0	0	0	0	0	0	0	0	0	0	0	0	9	0	0	0	0	0	0	0	0	0	0	0	0	0	0	1	0	0	0	0	0	0	0	0	0	0
PS259700	Osteopetrosis, autosomal recessive	0	0	0	0	0	0	0	0	0	0	0	0	0	0	0	0	0	4	0	0	0	0	0	0	0	0	0	0	0	0	0	0	0	0	0	0	0	0
608957	Cd8 Deficiency, Familial	0	0	0	0	0	0	0	0	0	0	0	0	0	0	0	0	0	0	0	0	0	0	0	0	0	0	0	0	0	0	0	0	0	0	0	0	0	0
618497	Neurodevelopmental Disorder With Seizures And Nonepileptic Hyperkinetic Movements	0	0	0	0	0	0	0	0	0	0	0	0	0	0	0	0	0	0	0	0	0	0	0	0	0	0	0	0	0	0	0	0	0	0	0	0	0	0
PS220110	Mitochondrial complex IV deficiency, nuclear-type	0	0	0	0	0	0	0	0	0	0	0	0	0	0	0	0	0	0	0	0	0	0	0	0	0	0	0	0	0	0	0	0	0	0	0	0	0	0
PS209900	Bardet-Biedl syndrome	0	0	0	0	0	7	0	0	0	0	0	0	1	0	1	0	0	0	2	0	0	0	0	0	0	0	0	0	0	0	1	1	0	1	0	0	2	1
PS108720	Atelosteogenesis	0	0	0	0	0	0	0	0	0	0	0	0	0	0	0	0	0	0	0	0	0	0	0	0	0	0	0	0	0	0	0	0	0	0	0	0	0	0
PS208540	Renal-hepatic-pancreatic dysplasia	0	0	0	0	0	0	0	0	0	0	0	0	0	0	0	0	0	0	0	0	0	0	0	0	0	0	0	0	0	0	0	0	0	0	0	0	0	0
152700	Systemic Lupus Erythematosus	0	0	0	0	12	0	0	0	0	0	0	0	0	7	0	0	0	0	0	1	1	1	0	7	0	0	0	2	12	0	0	0	0	0	0	0	0	0
PS265120	Surfactant metabolism dysfunction, pulmonary	0	0	0	25	0	0	0	1	0	0	2	0	7	0	1	0	0	0	3	5	1	1	3	2	0	0	1	0	0	0	3	3	0	1	133	138	0	1
312870	Simpson-golabi-behmel Syndrome, Type 1	0	0	0	0	0	2	0	0	0	0	0	0	0	0	0	0	0	0	0	0	0	0	0	0	0	0	0	0	0	0	0	0	0	0	0	0	0	0
607271	Autoimmune Lymphoproliferative Syndrome, Type Iib	3	4	0	0	7	0	0	0	0	0	0	0	0	1	0	0	0	0	0	0	0	0	0	1	0	0	0	4	2	0	0	0	0	0	0	0	0	0
610978	Choreoathetosis, Hypothyroidism, And Neonatal Respiratory Distresschoreoathetosis And Congenital Hypothyroidism, Included	0	0	0	0	0	0	0	0	0	0	0	0	0	0	0	0	0	0	0	0	0	0	0	0	0	0	0	0	0	0	0	0	0	0	0	0	0	0
615486	Interstitial Lung And Liver Disease	0	0	1	10	0	0	0	0	0	0	0	0	1	0	1	0	1	0	0	1	2	1	9	0	0	0	0	2	0	0	0	0	0	0	13	14	0	0
PS184255	Spondylometaphyseal dysplasia	0	0	0	0	0	0	0	0	0	0	0	0	0	0	0	0	0	0	0	0	0	0	0	0	0	0	0	0	0	0	0	0	0	0	0	0	0	0
618806	T-cell Lymphopenia, Infantile, With Or Without Nail Dystrophy, Autosomal Dominant	0	0	0	0	0	0	0	0	0	0	0	0	0	0	0	0	0	0	0	0	0	0	0	0	0	0	0	0	0	0	0	0	0	0	0	0	0	0
619036	Myopathy, Epilepsy, And Progressive Cerebral Atrophy	0	0	0	0	0	0	0	0	0	0	0	0	0	0	0	0	0	0	0	0	0	0	0	0	0	0	0	0	0	0	0	0	0	0	0	0	0	0
PS176670	Progeria	0	0	4	0	0	1	1	0	0	0	3	0	0	0	3	0	10	0	0	0	0	0	2	0	0	0	0	0	0	0	0	0	0	13	0	0	15	2
261740	Glycogen Storage Disease Of Heart, Lethal Congenital	0	0	0	0	0	0	0	0	0	0	0	0	0	0	0	0	0	0	0	0	0	0	0	0	0	0	0	0	0	0	0	0	0	0	0	0	0	0
612289	Fontaine Progeroid Syndrome	0	0	0	0	0	0	0	0	0	0	0	0	0	0	0	0	0	0	0	0	0	0	0	0	0	0	0	0	0	0	0	0	0	0	0	0	0	0
PS208500	Short-rib thoracic dysplasia	0	0	0	0	0	0	0	0	0	0	0	0	0	0	0	0	0	0	0	0	0	0	0	0	0	0	0	0	0	0	0	0	0	0	0	0	0	0
600802	Scid, Autosomal Recessive, T-negative/b-positive Type	0	0	0	0	0	0	0	0	0	0	0	0	0	0	0	0	0	0	0	0	0	0	0	0	0	0	0	0	0	0	0	0	0	0	0	0	0	0
613490	Alpha-1-antitrypsin Deficiency	0	0	0	0	0	0	0	0	0	0	2	1	1	0	1	0	1	2	1	2	1	0	1	10	1	1	0	0	0	0	1	1	0	0	5	3	1	0
601457	Severe Combined Immunodeficiency, Autosomal Recessive, T Cell-negative,b Cell-negative, Nk Cell-positive	0	0	0	0	0	0	0	0	0	0	0	0	0	0	0	0	0	0	0	0	0	0	0	0	0	0	0	0	0	0	0	0	0	0	0	0	0	0
222700	Lysinuric Protein Intolerance	0	0	0	2	0	0	0	0	0	0	0	0	0	0	0	0	1	0	0	0	0	0	0	0	0	0	0	0	0	0	0	0	0	0	1	1	0	0
257200	Niemann-pick Disease, Type A	0	0	0	0	0	0	0	0	0	0	0	1	0	0	0	0	0	1	0	0	0	0	1	0	0	0	0	0	0	0	0	0	0	0	1	1	0	0
PS614429	Ventricular septal defect	0	0	0	0	0	0	0	0	0	0	0	0	0	0	1	0	0	0	0	0	0	0	0	0	0	0	0	0	0	0	0	1	0	0	0	0	2	1
PS614328	Neonatal inflammatory skin and bowel disease	0	0	0	0	0	0	0	0	0	0	0	0	0	0	0	0	0	0	0	0	0	0	0	0	0	0	0	0	0	0	0	0	0	0	0	0	0	0
615508	Erythroderma, Congenital, With Palmoplantar Keratoderma, Hypotrichosis, And Hyper-ige	0	0	0	0	0	0	0	0	0	0	0	0	0	0	0	0	0	0	0	0	0	0	0	0	0	0	0	0	0	0	0	0	0	0	0	0	0	0
178500	Pulmonary Fibrosis, Idiopathic	0	1	11	458	3	7	2	15	3	0	3	4	18	3	5	4	124	2	16	16	9	22	409	4	1	0	11	2	3	0	5	6	1	8	496	483	16	4
PS219000	Fraser syndrome	0	0	0	0	0	1	0	0	0	0	0	1	1	0	0	0	0	1	0	0	0	1	0	0	0	0	0	0	0	0	0	0	0	1	1	1	0	0
185500	Supravalvular Aortic Stenosis	0	0	1	0	0	0	0	0	0	0	0	0	0	0	1	0	0	0	0	0	0	0	0	0	0	0	0	0	0	0	0	0	0	7	0	0	11	0
PS300000	Opitz GBBB syndrome	0	0	0	0	0	0	0	0	0	0	0	0	0	0	0	0	0	0	0	0	0	0	0	0	0	0	0	0	0	0	0	0	0	0	0	0	0	0
255320	Minicore Myopathy With External Ophthalmoplegia	0	0	0	0	0	0	0	0	0	0	0	0	0	0	0	0	0	0	0	0	0	0	0	0	0	0	0	0	0	0	0	0	0	0	0	0	0	0
270400	Smith-lemli-opitz Syndrome	0	0	0	0	0	0	0	0	0	0	0	0	0	0	0	0	0	0	0	0	0	0	0	0	0	0	0	0	0	0	0	0	0	0	1	1	0	0
617602	Congenital Heart Defects And Skeletal Malformations Syndrome	0	0	0	0	0	0	0	0	0	0	0	0	0	0	0	0	0	0	0	0	1	0	0	0	0	0	0	0	0	0	0	0	0	0	0	0	2	0
PS249000	Meckel syndrome	0	0	0	0	0	1	0	0	0	0	0	0	1	0	0	0	0	0	0	0	0	0	0	0	0	0	0	0	0	0	0	0	0	0	0	0	0	0
PS601495	Agammaglobulinemia	0	0	0	0	138	1	18	0	0	0	1	5	0	7	0	0	0	5	0	0	1	0	1	6	3	0	0	64	6	0	0	0	0	0	0	0	0	1
230900	Gaucher Disease, Type Ii	0	0	3	2	3	1	0	0	0	0	1	6	0	4	0	0	2	3	0	0	7	1	0	2	0	2	2	6	5	0	0	0	0	0	0	0	0	0
PS252010	Mitochondrial complex I deficiency, nuclear type	0	0	0	0	0	0	0	0	0	0	0	0	0	0	0	0	0	0	0	0	0	0	0	0	0	0	0	0	0	0	0	0	0	0	0	0	0	0
PS306400	Granulomatous disease, chronic	2	6	1	3	9	1	1	0	0	0	1	18	0	3	0	3	2	29	0	0	13	1	4	112	5	1	0	9	6	0	0	2	0	0	1	3	1	0
613385	Autoimmune Disease, Multisystem, With Facial Dysmorphism	0	0	0	0	0	0	0	0	0	0	0	0	0	0	0	0	0	0	0	0	0	0	0	0	0	0	0	0	0	0	0	0	0	0	0	0	0	0
218040	Costello Syndrome	0	0	0	0	0	0	0	0	0	0	0	0	2	0	0	0	1	0	0	0	0	0	1	0	0	0	0	0	0	0	0	0	0	0	0	0	0	0
617053	Mirage Syndrome	0	0	0	0	0	0	0	0	0	0	0	0	1	0	0	0	0	0	0	0	0	0	0	0	0	0	0	0	0	0	0	0	0	0	0	0	0	0
170100	Prolidase Deficiency	0	0	0	0	0	0	0	0	0	0	0	0	0	0	0	0	3	0	0	0	0	0	0	0	0	0	0	0	0	0	0	0	0	0	0	0	0	0
PS178600	Pulmonary hypertension, primary	0	0	28	4	0	0	0	7	2	0	10	0	0	1	119	1	0	0	0	34	0	0	11	0	0	0	7	2	2	0	1	1	0	135	17	18	148	8
PS187300	Telangiectasia, hereditary hemorrhagic	0	0	15	0	0	0	0	1	0	0	7	0	0	0	17	2	0	0	0	2	0	1	1	0	0	0	15	0	0	0	0	0	0	1	0	0	14	11
236500	Multinucleated Neurons, Anhydramnios, Renal Dysplasia, Cerebellar Hypoplasia, And Hydranencephaly	0	0	0	0	0	0	0	0	0	0	0	0	0	0	0	0	0	0	0	0	0	0	0	0	0	0	0	0	0	0	0	0	0	0	0	0	0	0
230800	Gaucher Disease, Type I	0	0	3	2	3	1	0	0	0	0	1	6	0	4	0	0	2	3	0	0	7	1	0	2	0	2	2	6	5	0	0	0	0	0	0	0	0	0
PS212066	Congenital disorders of glycosylation, type II	0	0	0	0	0	0	0	0	0	0	0	0	0	0	0	0	0	0	0	0	0	0	0	0	0	0	0	0	0	0	0	0	0	0	0	0	0	0
602450	Severe Combined Immunodeficiency With Sensitivity To Ionizing Radiation	0	0	0	0	0	0	0	0	0	0	0	0	0	0	0	0	0	0	0	0	0	0	0	0	0	0	0	0	0	0	0	0	0	0	0	0	0	0
PS256520	Neu-Laxova syndrome	0	0	0	0	0	0	0	0	0	0	0	0	0	0	0	0	0	0	0	0	0	0	0	0	0	0	0	0	0	0	0	0	0	0	0	0	0	0
PS300755	Immunodeficiency (Select Examples)	1	2	1	0	1	0	0	0	0	0	0	0	0	0	0	0	0	0	1	0	0	0	0	0	0	0	1	0	0	1	1	1	0	0	0	0	0	0
PS254090	Ullrich congenital muscular dystrophy	0	0	1	0	0	0	0	0	0	0	0	0	0	0	0	0	0	0	0	0	0	0	1	0	0	0	1	0	0	0	0	0	0	0	0	0	0	0
PS308240	Lymphoproliferative syndrome	6	8	0	0	26	0	0	0	0	0	0	1	2	1	0	0	0	0	0	0	0	1	0	1	19	0	0	15	2	0	0	0	0	0	0	0	0	0
PS245480	Specific granule deficiency	0	0	0	0	0	0	0	0	0	0	0	0	0	0	0	0	0	1	0	0	0	0	0	12	0	0	0	0	0	0	0	0	0	0	0	0	0	0
PS256100	Nephronophthisis	0	0	0	0	0	6	0	0	0	0	0	0	1	0	0	0	0	0	1	0	0	0	0	0	0	0	0	0	0	0	0	0	0	0	0	0	0	0
608022	Diaphanospondylodysostosis	0	0	0	0	0	0	0	0	0	0	0	0	0	0	0	0	0	0	0	0	0	0	0	0	0	0	0	0	0	0	0	0	0	0	0	0	0	0
242840	Immunodeficiency With Cleft Lip/palate, Cataract, Hypopigmentation,and Absent Corpus Callosum	0	0	0	0	0	0	0	0	0	0	0	0	0	0	0	0	0	0	0	0	0	0	0	0	0	0	0	0	0	0	0	0	0	0	0	0	0	0
603554	Omenn Syndrome	15	20	5	2	28	3	1	0	0	0	7	5	3	11	4	2	4	5	0	0	3	4	5	2	44	0	5	17	9	0	1	5	0	4	1	1	0	6
616897	Osteochondrodysplasia, Complex Lethal, Symoens-barnes-gistelinck Type	0	0	0	0	0	0	0	0	0	0	0	0	0	0	0	0	0	0	0	0	0	0	0	0	0	0	0	0	0	0	0	0	0	0	0	0	0	0
PS601462	Myasthenic syndrome, congenital	0	0	0	0	0	1	0	0	0	0	0	0	0	0	0	0	0	0	0	0	0	0	0	0	0	0	0	0	0	0	0	0	0	0	0	0	0	0
604173	Poikiloderma With Neutropenia	0	0	0	0	0	0	0	0	0	0	0	0	0	0	0	0	0	0	0	0	0	0	0	0	0	0	0	0	0	0	0	0	0	0	0	0	0	0
265000	Multiple Pterygium Syndrome, Escobar Variant	0	0	0	0	0	0	0	0	0	0	0	0	0	0	0	0	0	0	0	0	0	0	0	0	0	0	0	0	0	0	0	0	0	0	0	0	0	0
245150	Keutel Syndrome	0	0	0	0	0	0	0	0	0	0	0	0	0	0	0	0	0	0	0	0	0	0	0	0	0	0	0	0	0	0	0	0	0	0	0	0	0	0
617321	Yao Syndrome	0	1	0	3	1	0	0	0	0	0	3	0	1	1	2	0	0	2	2	2	0	0	1	0	0	0	0	2	2	0	0	0	0	0	14	14	1	0
PS151623	Li-Fraumeni syndrome	0	0	0	0	0	0	0	0	0	0	0	0	0	0	0	0	4	0	0	0	0	1	0	0	0	0	0	0	0	0	0	0	0	0	0	0	0	0
241500	Hypophosphatasia, Infantile	0	0	0	0	0	0	0	0	0	0	0	0	0	0	0	0	0	0	0	0	0	0	0	0	0	0	0	0	0	0	0	0	0	0	0	0	0	0
146510	Pallister-hall Syndrome 1	0	0	0	0	0	0	1	0	0	0	0	0	0	0	0	0	0	0	0	0	0	0	0	0	0	0	0	0	0	0	0	0	0	0	0	0	0	0
PS127550	Dyskeratosis congenita	0	0	0	0	0	2	0	0	0	0	0	0	0	0	0	0	1	0	0	0	0	0	0	0	0	0	0	0	0	0	0	0	0	0	1	1	0	0
253290	Multiple Pterygium Syndrome, Lethal Type	0	0	0	0	0	0	0	0	0	0	0	0	0	0	0	0	0	0	0	0	0	0	0	0	0	0	0	0	0	0	0	0	0	0	0	0	0	0
PS224690	Meier-Gorlin syndrome	0	0	0	0	0	0	0	0	0	0	0	0	0	0	0	0	0	0	0	0	0	0	0	0	0	0	0	0	0	0	0	0	0	0	0	0	0	0
PS262400	Isolated growth hormone deficiency	0	0	0	0	1	0	0	0	0	0	0	0	0	0	0	0	1	0	0	0	0	0	1	1	0	0	0	0	0	0	0	0	0	0	0	0	0	0
PS134600	Fanconi renotubular syndrome	0	0	0	1	1	1	0	0	0	0	0	1	1	0	0	0	3	1	0	0	0	0	0	1	2	0	0	13	0	0	0	0	0	0	0	0	0	0
PS130000	Ehlers-Danlos syndrome	0	0	2	3	0	0	0	0	0	0	0	1	0	0	0	0	2	0	0	0	0	0	8	0	0	0	0	1	0	0	0	0	0	0	0	0	3	0
PS191830	Renal hypodysplasia/aplasia	0	0	0	0	0	0	0	0	0	0	0	0	0	0	0	0	0	0	0	0	0	0	0	0	0	0	0	0	0	0	0	0	0	0	0	0	0	0
173600	Pneumothorax, Primary Spontaneous	0	0	0	3	0	0	0	0	0	0	0	0	0	0	0	0	0	0	0	0	0	13	1	0	0	0	0	0	0	0	0	1	0	0	4	5	0	0
618280	Cardiac-urogenital Syndrome	0	0	0	0	0	0	0	0	0	0	0	0	0	0	0	0	0	0	0	0	0	0	0	0	0	0	0	0	0	0	0	0	0	0	0	0	0	0
248700	Marden-walker Syndrome	0	0	0	0	0	0	0	0	0	0	0	0	0	0	0	0	0	0	0	0	0	0	0	0	0	0	0	0	0	0	0	0	0	0	0	0	0	0
PS226400	Epidermodysplasia verruciformis, susceptibility to	0	0	0	0	0	0	0	0	0	0	0	0	0	0	0	0	0	0	0	0	0	0	0	0	1	0	0	0	0	0	0	0	0	0	0	0	0	0
617241	Lung Disease, Immunodeficiency, And Chromosome Breakage Syndrome	0	0	0	0	0	0	0	0	0	0	0	0	0	0	0	0	0	0	0	0	0	0	0	0	0	0	0	0	0	0	0	0	0	0	0	0	0	0
PS613658	Rajab interstitial lung disease with brain calcifications	0	0	0	0	0	0	0	0	0	0	0	0	0	0	0	0	0	0	0	0	0	0	0	0	0	0	0	0	0	0	0	0	0	0	0	0	0	0
217090	Plasminogen Deficiency, Type Iligneous Conjunctivitis, Included	0	0	0	0	0	0	0	0	0	0	0	0	0	0	0	0	0	0	0	0	0	0	0	0	0	0	0	0	0	0	0	0	0	0	0	0	0	0
265380	Alveolar Capillary Dysplasia With Misalignment Of Pulmonary Veins	0	0	3	10	0	0	0	0	0	0	5	0	0	0	7	1	0	0	0	2	0	0	1	0	0	0	1	0	0	0	0	0	0	5	5	4	7	0
193300	Von Hippel-lindau Syndrome	0	0	12	0	0	0	1	1	0	0	0	0	1	0	2	1	0	0	1	0	0	1	1	1	1	0	15	0	0	0	0	0	0	0	0	0	2	0
211980	Lung Cancer, Susceptibility To	1	0	2	10	0	2	1	1	0	0	2	5	10	1	5	1	8	2	16	5	5	27	7	3	27	1	3	1	2	2	2	6	0	1	48	49	4	2
611812	46,xx Sex Reversal With Dysgenesis Of Kidneys, Adrenals, And Lungs	0	0	0	0	0	0	0	0	0	0	0	0	0	0	0	0	0	0	0	0	0	0	0	0	0	0	0	0	0	0	0	0	0	0	0	0	0	0
PS601419	Myopathy, myofibrillar	0	0	0	0	0	0	0	0	0	0	0	0	0	0	0	0	0	0	0	0	0	0	1	0	0	0	0	0	0	0	0	0	0	0	0	0	1	0
618316	Intellectual Developmental Disorder With Cardiac Defects And Dysmorphic Facies	0	0	0	0	0	0	0	0	0	0	0	0	1	0	0	0	0	0	0	0	0	0	0	0	0	0	0	0	0	0	0	0	0	0	0	0	0	0
PS610551	Encephalopathy, acute, infection-induced	0	0	0	0	0	0	0	0	0	0	1	0	0	0	0	0	0	0	0	0	0	0	0	0	0	0	0	0	0	0	0	0	0	0	0	0	0	0
301220	Pigmentary Disorder, Reticulate, With Systemic Manifestations, X-linked	0	0	0	0	0	0	0	0	0	0	0	0	0	0	0	0	0	0	0	0	0	0	0	0	0	0	0	0	0	0	0	0	0	0	0	0	0	0
